Name,User
Ketaki,ketaki
Harshit,harshit
Manav,manav
Maitreya,maitreya
Debangan,debangan
Saumitra,saumitra
Srija,srija
Vivek,vivek
Gaurav,gaurav
Abhinav,abhinav
Master,master